,symbol
0,600831.SH
1,000156.SZ
2,603598.SH
3,002343.SZ
4,000892.SZ
5,603682.SH
6,000560.SZ
7,600605.SH
8,001914.SZ
9,600692.SH
10,000056.SZ
11,002285.SZ
12,300917.SZ
13,002968.SZ
14,603506.SH
15,002377.SZ
16,000861.SZ
17,300538.SZ
18,002999.SZ
19,000906.SZ
20,000062.SZ
21,002441.SZ
22,000587.SZ
23,000652.SZ
24,601777.SH
25,603129.SH
26,603766.SH
27,603787.SH
28,600099.SH
29,689009.SH
30,001696.SZ
31,000913.SZ
32,300703.SZ
33,300329.SZ
34,002678.SZ
35,600818.SH
36,003032.SZ
37,600158.SH
38,002878.SZ
39,002575.SZ
40,605299.SH
41,300192.SZ
42,600679.SH
43,002105.SZ
44,002103.SZ
45,300282.SZ
46,600661.SH
47,300640.SZ
48,002899.SZ
49,600455.SH
50,002348.SZ
51,603899.SH
52,002607.SZ
53,300651.SZ
54,000017.SZ
55,300081.SZ
56,000526.SZ
57,002862.SZ
58,002638.SZ
59,603466.SH
60,300089.SZ
61,300043.SZ
62,002659.SZ
63,000558.SZ
64,300338.SZ
65,002858.SZ
66,002621.SZ
67,605099.SH
68,603398.SH
69,300860.SZ
70,605098.SH
71,002301.SZ
72,300359.SZ
73,000155.SZ
74,002256.SZ
75,601016.SH
76,601985.SH
77,003816.SZ
78,601619.SH
79,603693.SH
80,000862.SZ
81,601908.SH
82,002015.SZ
83,003035.SZ
84,600163.SH
85,000591.SZ
86,600821.SH
87,601778.SH
88,000040.SZ
89,002033.SZ
90,000888.SZ
91,300144.SZ
92,600749.SH
93,000430.SZ
94,600054.SH
95,000069.SZ
96,002059.SZ
97,603136.SH
98,000978.SZ
99,603099.SH
100,603199.SH
101,300178.SZ
102,000610.SZ
103,600138.SH
104,600706.SH
105,000613.SZ
106,601888.SH
107,600593.SH
108,300859.SZ
109,600555.SH
110,002159.SZ
111,600358.SH
112,002707.SZ
113,000796.SZ
114,300740.SZ
115,600249.SH
116,000523.SZ
117,600315.SH
118,603605.SH
119,002637.SZ
120,000737.SZ
121,002094.SZ
122,300957.SZ
123,603983.SH
124,002919.SZ
125,603630.SH
126,000932.SZ
127,000761.SZ
128,001203.SZ
129,000717.SZ
130,000655.SZ
131,002110.SZ
132,601003.SH
133,000709.SZ
134,600808.SH
135,600307.SH
136,600010.SH
137,601969.SH
138,601005.SH
139,600126.SH
140,600022.SH
141,000923.SZ
142,600282.SH
143,600581.SH
144,600569.SH
145,600019.SH
146,000959.SZ
147,000898.SZ
148,600231.SH
149,600782.SH
150,603116.SH
151,603196.SH
152,002832.SZ
153,601566.SH
154,002486.SZ
155,002029.SZ
156,002269.SZ
157,603877.SH
158,003016.SZ
159,300979.SZ
160,002763.SZ
161,002875.SZ
162,002485.SZ
163,002634.SZ
164,600177.SH
165,300840.SZ
166,601718.SH
167,300591.SZ
168,603839.SH
169,603608.SH
170,002003.SZ
171,002612.SZ
172,002656.SZ
173,002291.SZ
174,002867.SZ
175,300005.SZ
176,603157.SH
177,603518.SH
178,002687.SZ
179,002345.SZ
180,002731.SZ
181,600439.SH
182,600107.SH
183,603900.SH
184,600612.SH
185,002494.SZ
186,002098.SZ
187,603808.SH
188,603958.SH
189,002154.SZ
190,002563.SZ
191,002503.SZ
192,603001.SH
193,600398.SH
194,002574.SZ
195,600400.SH
196,002762.SZ
197,002776.SZ
198,600137.SH
199,002740.SZ
200,600146.SH
201,603557.SH
202,603555.SH
203,002569.SZ
204,300901.SZ
205,002721.SZ
206,300945.SZ
207,603587.SH
208,600009.SH
209,000089.SZ
210,600897.SH
211,600004.SH
212,002248.SZ
213,002903.SZ
214,000837.SZ
215,300441.SZ
216,603011.SH
217,002559.SZ
218,300161.SZ
219,688577.SH
220,002520.SZ
221,603185.SH
222,000410.SZ
223,002943.SZ
224,300809.SZ
225,688558.SH
226,600243.SH
227,601882.SH
228,603677.SH
229,688308.SH
230,601369.SH
231,300850.SZ
232,002150.SZ
233,688017.SH
234,002472.SZ
235,300943.SZ
236,300151.SZ
237,300853.SZ
238,002480.SZ
239,002552.SZ
240,002046.SZ
241,300953.SZ
242,300971.SZ
243,002122.SZ
244,603667.SH
245,601218.SH
246,600841.SH
247,000595.SZ
248,300885.SZ
249,601177.SH
250,002026.SZ
251,000777.SZ
252,000678.SZ
253,002598.SZ
254,300260.SZ
255,300988.SZ
256,605389.SH
257,300095.SZ
258,601002.SH
259,002050.SZ
260,688059.SH
261,300257.SZ
262,000570.SZ
263,300922.SZ
264,300091.SZ
265,600114.SH
266,300946.SZ
267,000530.SZ
268,002633.SZ
269,002760.SZ
270,603966.SH
271,300488.SZ
272,002747.SZ
273,603726.SH
274,300470.SZ
275,000880.SZ
276,300718.SZ
277,300464.SZ
278,601956.SH
279,603315.SH
280,603985.SH
281,603320.SH
282,000856.SZ
283,300435.SZ
284,003025.SZ
285,003033.SZ
286,603269.SH
287,300421.SZ
288,300503.SZ
289,300669.SZ
290,002850.SZ
291,600592.SH
292,603890.SH
293,603187.SH
294,002871.SZ
295,300611.SZ
296,603112.SH
297,002823.SZ
298,600520.SH
299,600619.SH
300,002896.SZ
301,002272.SZ
302,002342.SZ
303,002347.SZ
304,002795.SZ
305,603915.SH
306,603040.SH
307,000903.SZ
308,300420.SZ
309,002514.SZ
310,688360.SH
311,688355.SH
312,603356.SH
313,688333.SH
314,300780.SZ
315,002418.SZ
316,002438.SZ
317,601615.SH
318,605100.SH
319,300391.SZ
320,300817.SZ
321,605060.SH
322,000663.SZ
323,600265.SH
324,000592.SZ
325,002679.SZ
326,688157.SH
327,300225.SZ
328,603110.SH
329,603378.SH
330,300665.SZ
331,300798.SZ
332,002440.SZ
333,000565.SZ
334,300398.SZ
335,300522.SZ
336,603188.SH
337,688571.SH
338,600352.SH
339,603826.SH
340,002319.SZ
341,603790.SH
342,300576.SZ
343,603823.SH
344,300537.SZ
345,688129.SH
346,300758.SZ
347,603980.SH
348,300067.SZ
349,603737.SH
350,603033.SH
351,300320.SZ
352,300587.SZ
353,300767.SZ
354,300547.SZ
355,601118.SH
356,300731.SZ
357,000887.SZ
358,002381.SZ
359,002224.SZ
360,300478.SZ
361,002211.SZ
362,600644.SH
363,600900.SH
364,000993.SZ
365,600979.SH
366,000722.SZ
367,600505.SH
368,600101.SH
369,002039.SZ
370,600995.SH
371,000791.SZ
372,000601.SZ
373,600025.SH
374,600868.SH
375,600310.SH
376,600674.SH
377,600969.SH
378,600886.SH
379,600236.SH
380,600452.SH
381,600116.SH
382,600323.SH
383,600168.SH
384,003039.SZ
385,601199.SH
386,000598.SZ
387,601368.SH
388,600187.SH
389,600461.SH
390,600283.SH
391,601158.SH
392,000685.SZ
393,000605.SZ
394,603759.SH
395,000935.SZ
396,600585.SH
397,000546.SZ
398,600539.SH
399,002302.SZ
400,600326.SH
401,601992.SH
402,003037.SZ
403,000877.SZ
404,600720.SH
405,000789.SZ
406,600724.SH
407,600678.SH
408,600668.SH
409,000672.SZ
410,000401.SZ
411,600881.SH
412,600425.SH
413,600883.SH
414,600449.SH
415,600802.SH
416,600801.SH
417,002233.SZ
418,001205.SZ
419,600026.SH
420,600428.SH
421,600798.SH
422,600575.SH
423,601975.SH
424,603167.SH
425,601872.SH
426,000520.SZ
427,601866.SH
428,601919.SH
429,002320.SZ
430,601633.SH
431,000550.SZ
432,600418.SH
433,600262.SH
434,600213.SH
435,600733.SH
436,600303.SH
437,002537.SZ
438,600104.SH
439,600375.SH
440,000800.SZ
441,000625.SZ
442,002594.SZ
443,600066.SH
444,600686.SH
445,000951.SZ
446,601238.SH
447,600166.SH
448,000572.SZ
449,000868.SZ
450,600006.SH
451,000957.SZ
452,600327.SH
453,000025.SZ
454,600386.SH
455,601258.SH
456,600297.SH
457,300825.SZ
458,601965.SH
459,300928.SZ
460,603377.SH
461,000996.SZ
462,300100.SZ
463,000753.SZ
464,600653.SH
465,300694.SZ
466,002448.SZ
467,002454.SZ
468,603006.SH
469,603390.SH
470,605208.SH
471,600178.SH
472,603730.SH
473,603809.SH
474,600182.SH
475,603009.SH
476,002239.SZ
477,300507.SZ
478,605228.SH
479,603239.SH
480,002363.SZ
481,002355.SZ
482,603023.SH
483,000901.SZ
484,300863.SZ
485,002126.SZ
486,600660.SH
487,603949.SH
488,002625.SZ
489,688288.SH
490,000559.SZ
491,300680.SZ
492,002703.SZ
493,000581.SZ
494,300681.SZ
495,601500.SH
496,002965.SZ
497,605255.SH
498,603013.SH
499,603950.SH
500,300375.SZ
501,601279.SH
502,000338.SZ
503,002190.SZ
504,002213.SZ
505,605068.SH
506,002406.SZ
507,601717.SH
508,002997.SZ
509,603348.SH
510,601799.SH
511,603335.SH
512,002725.SZ
513,603788.SH
514,600335.SH
515,002715.SZ
516,002708.SZ
517,605005.SH
518,300432.SZ
519,603319.SH
520,300745.SZ
521,600698.SH
522,300742.SZ
523,603997.SH
524,600699.SH
525,605018.SH
526,300695.SZ
527,603982.SH
528,603786.SH
529,603286.SH
530,603758.SH
531,688339.SH
532,603767.SH
533,603768.SH
534,002984.SZ
535,605333.SH
536,300473.SZ
537,605133.SH
538,605128.SH
539,601689.SH
540,603305.SH
541,603306.SH
542,000700.SZ
543,002662.SZ
544,600742.SH
545,688529.SH
546,603358.SH
547,600741.SH
548,601966.SH
549,002664.SZ
550,605088.SH
551,002434.SZ
552,605151.SH
553,300733.SZ
554,002593.SZ
555,300258.SZ
556,688667.SH
557,603121.SH
558,000030.SZ
559,603197.SH
560,000980.SZ
561,603586.SH
562,002765.SZ
563,600609.SH
564,600523.SH
565,603089.SH
566,000622.SZ
567,002813.SZ
568,603085.SH
569,300643.SZ
570,000757.SZ
571,600623.SH
572,002328.SZ
573,002906.SZ
574,300926.SZ
575,600501.SH
576,601058.SH
577,002920.SZ
578,603596.SH
579,600933.SH
580,300580.SZ
581,002085.SZ
582,300585.SZ
583,603178.SH
584,603166.SH
585,300985.SZ
586,002863.SZ
587,603179.SH
588,002536.SZ
589,300978.SZ
590,603161.SH
591,002865.SZ
592,603158.SH
593,002284.SZ
594,002283.SZ
595,600960.SH
596,603655.SH
597,300969.SZ
598,002048.SZ
599,002510.SZ
600,300176.SZ
601,600081.SH
602,300652.SZ
603,002553.SZ
604,002101.SZ
605,002031.SZ
606,688208.SH
607,603701.SH
608,002488.SZ
609,002766.SZ
610,600480.SH
611,000599.SZ
612,002590.SZ
613,600148.SH
614,603922.SH
615,601127.SH
616,600151.SH
617,603926.SH
618,600469.SH
619,300304.SZ
620,300893.SZ
621,603035.SH
622,000589.SZ
623,002931.SZ
624,603917.SH
625,002592.SZ
626,601163.SH
627,002265.SZ
628,603037.SH
629,002921.SZ
630,000981.SZ
631,000798.SZ
632,300094.SZ
633,002086.SZ
634,002069.SZ
635,600467.SH
636,002696.SZ
637,600257.SH
638,600097.SH
639,601298.SH
640,600190.SH
641,600017.SH
642,600018.SH
643,601008.SH
644,600717.SH
645,000088.SZ
646,000905.SZ
647,000582.SZ
648,601326.SH
649,000507.SZ
650,601228.SH
651,001872.SZ
652,600279.SH
653,601880.SH
654,601000.SH
655,601018.SH
656,002040.SZ
657,600011.SH
658,000966.SZ
659,000690.SZ
660,000958.SZ
661,600021.SH
662,600023.SH
663,000875.SZ
664,600578.SH
665,600027.SH
666,600157.SH
667,600726.SH
668,600744.SH
669,000600.SZ
670,600483.SH
671,601991.SH
672,000539.SZ
673,600863.SH
674,600098.SH
675,000037.SZ
676,001896.SZ
677,600642.SH
678,002479.SZ
679,600795.SH
680,000543.SZ
681,000531.SZ
682,000027.SZ
683,000899.SZ
684,600509.SH
685,000767.SZ
686,600780.SH
687,002608.SZ
688,000883.SZ
689,600396.SH
690,600792.SH
691,600408.SH
692,600740.SH
693,601011.SH
694,603113.SH
695,000723.SZ
696,601015.SH
697,600725.SH
698,600397.SH
699,601918.SH
700,600403.SH
701,000968.SZ
702,600508.SH
703,600546.SH
704,000983.SZ
705,600395.SH
706,000937.SZ
707,600997.SH
708,601699.SH
709,600188.SH
710,601088.SH
711,601101.SH
712,600971.SH
713,600123.SH
714,600758.SH
715,600985.SH
716,601001.SH
717,601225.SH
718,000780.SZ
719,600348.SH
720,600121.SH
721,601898.SH
722,002128.SZ
723,601666.SH
724,000552.SZ
725,600117.SH
726,002756.SZ
727,600399.SH
728,000825.SZ
729,600507.SH
730,002075.SZ
731,688186.SH
732,000708.SZ
733,603995.SH
734,002318.SZ
735,600874.SH
736,300929.SZ
737,002499.SZ
738,603686.SH
739,000068.SZ
740,000504.SZ
741,603817.SH
742,002034.SZ
743,603568.SH
744,000920.SZ
745,300140.SZ
746,688178.SH
747,002266.SZ
748,300137.SZ
749,300912.SZ
750,300899.SZ
751,600481.SH
752,688196.SH
753,603903.SH
754,603822.SH
755,300948.SZ
756,300152.SZ
757,600008.SH
758,688096.SH
759,688069.SH
760,688057.SH
761,000005.SZ
762,688101.SH
763,300203.SZ
764,300197.SZ
765,603603.SH
766,688679.SH
767,300190.SZ
768,300187.SZ
769,688021.SH
770,000967.SZ
771,300172.SZ
772,300961.SZ
773,300958.SZ
774,002549.SZ
775,603126.SH
776,603588.SH
777,300262.SZ
778,688659.SH
779,000035.SZ
780,603324.SH
781,600526.SH
782,300631.SZ
783,300266.SZ
784,603200.SH
785,002887.SZ
786,688156.SH
787,002573.SZ
788,603177.SH
789,300664.SZ
790,300072.SZ
791,603279.SH
792,300070.SZ
793,300692.SZ
794,002973.SZ
795,000544.SZ
796,605081.SH
797,300816.SZ
798,300815.SZ
799,600475.SH
800,002672.SZ
801,688335.SH
802,300056.SZ
803,300055.SZ
804,000803.SZ
805,600292.SH
806,000820.SZ
807,300786.SZ
808,002658.SZ
809,000826.SZ
810,300800.SZ
811,600388.SH
812,603359.SH
813,300355.SZ
814,300385.SZ
815,300388.SZ
816,603717.SH
817,300867.SZ
818,300103.SZ
819,300332.SZ
820,300422.SZ
821,300779.SZ
822,300864.SZ
823,300495.SZ
824,603797.SH
825,300425.SZ
826,002200.SZ
827,601200.SH
828,688565.SH
829,002616.SZ
830,601330.SH
831,603955.SH
832,003027.SZ
833,688309.SH
834,688466.SH
835,600217.SH
836,601827.SH
837,002717.SZ
838,605006.SH
839,300196.SZ
840,000012.SZ
841,601865.SH
842,600586.SH
843,603601.SH
844,600552.SH
845,002201.SZ
846,300395.SZ
847,002571.SZ
848,300160.SZ
849,600176.SH
850,600819.SH
851,603256.SH
852,603021.SH
853,601636.SH
854,603578.SH
855,300093.SZ
856,002623.SZ
857,600876.SH
858,002252.SZ
859,600721.SH
860,002332.SZ
861,603718.SH
862,603087.SH
863,002821.SZ
864,603566.SH
865,600867.SH
866,002007.SZ
867,002550.SZ
868,002581.SZ
869,002030.SZ
870,600645.SH
871,002038.SZ
872,300583.SZ
873,000534.SZ
874,688098.SH
875,300239.SZ
876,000661.SZ
877,688656.SH
878,300255.SZ
879,002880.SZ
880,300942.SZ
881,688136.SH
882,300841.SZ
883,000806.SZ
884,688606.SH
885,688177.SH
886,688278.SH
887,000931.SZ
888,688180.SH
889,300289.SZ
890,688185.SH
891,300294.SZ
892,688221.SH
893,688217.SH
894,688317.SH
895,300357.SZ
896,688076.SH
897,300149.SZ
898,688520.SH
899,688687.SH
900,000518.SZ
901,000403.SZ
902,688366.SH
903,688363.SH
904,300122.SZ
905,300601.SZ
906,300683.SZ
907,688488.SH
908,300381.SZ
909,600161.SH
910,300485.SZ
911,300142.SZ
912,688336.SH
913,300685.SZ
914,300009.SZ
915,300204.SZ
916,002467.SZ
917,300017.SZ
918,601698.SH
919,300383.SZ
920,300738.SZ
921,603881.SH
922,600050.SH
923,002093.SZ
924,600804.SH
925,300112.SZ
926,300114.SZ
927,002527.SZ
928,603700.SH
929,300797.SZ
930,300790.SZ
931,002058.SZ
932,300124.SZ
933,300066.SZ
934,603662.SH
935,300410.SZ
936,300165.SZ
937,300416.SZ
938,002415.SZ
939,002197.SZ
940,688010.SH
941,002414.SZ
942,300417.SZ
943,300430.SZ
944,300371.SZ
945,300370.SZ
946,002175.SZ
947,688056.SH
948,601222.SH
949,300882.SZ
950,300880.SZ
951,300897.SZ
952,603556.SH
953,002008.SZ
954,300862.SZ
955,300286.SZ
956,688160.SH
957,300306.SZ
958,300838.SZ
959,300259.SZ
960,300097.SZ
961,300217.SZ
962,300012.SZ
963,300099.SZ
964,601567.SH
965,300360.SZ
966,300105.SZ
967,300007.SZ
968,300354.SZ
969,002121.SZ
970,002857.SZ
971,688616.SH
972,002849.SZ
973,688628.SH
974,603297.SH
975,002236.SZ
976,300572.SZ
977,300567.SZ
978,688665.SH
979,002980.SZ
980,300667.SZ
981,603100.SH
982,002870.SZ
983,300557.SZ
984,300648.SZ
985,600651.SH
986,002767.SZ
987,300553.SZ
988,000988.SZ
989,688686.SH
990,002877.SZ
991,688600.SH
992,300466.SZ
993,300516.SZ
994,002214.SZ
995,688528.SH
996,300515.SZ
997,002338.SZ
998,300720.SZ
999,002819.SZ
1000,300445.SZ
1001,002416.SZ
1002,002024.SZ
1003,688599.SH
1004,300626.SZ
1005,603105.SH
1006,601012.SH
1007,300913.SZ
1008,002276.SZ
1009,300222.SZ
1010,002270.SZ
1011,603109.SH
1012,300933.SZ
1013,300960.SZ
1014,300274.SZ
1015,601126.SH
1016,002506.SZ
1017,300543.SZ
1018,002498.SZ
1019,000049.SZ
1020,688660.SH
1021,688611.SH
1022,300265.SZ
1023,603583.SH
1024,300283.SZ
1025,300444.SZ
1026,603618.SH
1027,603606.SH
1028,688819.SH
1029,600875.SH
1030,600877.SH
1031,600112.SH
1032,002560.SZ
1033,600110.SH
1034,600885.SH
1035,688005.SH
1036,688006.SH
1037,603685.SH
1038,688698.SH
1039,300153.SZ
1040,300593.SZ
1041,600089.SH
1042,300215.SZ
1043,603679.SH
1044,002546.SZ
1045,002074.SZ
1046,002300.SZ
1047,603628.SH
1048,688676.SH
1049,600973.SH
1050,002533.SZ
1051,300208.SZ
1052,002531.SZ
1053,688663.SH
1054,603195.SH
1055,002309.SZ
1056,688063.SH
1057,300617.SZ
1058,300600.SZ
1059,002334.SZ
1060,002339.SZ
1061,002335.SZ
1062,002227.SZ
1063,000533.SZ
1064,002176.SZ
1065,000400.SZ
1066,300693.SZ
1067,601616.SH
1068,300484.SZ
1069,300376.SZ
1070,300690.SZ
1071,300490.SZ
1072,300820.SZ
1073,002451.SZ
1074,002452.SZ
1075,603015.SH
1076,002380.SZ
1077,300477.SZ
1078,300713.SZ
1079,300407.SZ
1080,688408.SH
1081,300750.SZ
1082,002202.SZ
1083,601877.SH
1084,300427.SZ
1085,300423.SZ
1086,603333.SH
1087,688395.SH
1088,300447.SZ
1089,300763.SZ
1090,002218.SZ
1091,688390.SH
1092,601727.SH
1093,300772.SZ
1094,601700.SH
1095,002169.SZ
1096,300907.SZ
1097,002164.SZ
1098,002459.SZ
1099,300510.SZ
1100,000585.SZ
1101,603045.SH
1102,603515.SH
1103,603050.SH
1104,002346.SZ
1105,601311.SH
1106,300650.SZ
1107,603530.SH
1108,300438.SZ
1109,002112.SZ
1110,603063.SH
1111,601179.SH
1112,688191.SH
1113,300889.SZ
1114,300660.SZ
1115,002350.SZ
1116,300341.SZ
1117,603016.SH
1118,300491.SZ
1119,300827.SZ
1120,002249.SZ
1121,688560.SH
1122,300356.SZ
1123,002364.SZ
1124,688567.SH
1125,002471.SZ
1126,300670.SZ
1127,603416.SH
1128,002358.SZ
1129,603488.SH
1130,603489.SH
1131,002130.SZ
1132,688330.SH
1133,300141.SZ
1134,002518.SZ
1135,600468.SH
1136,002028.SZ
1137,002580.SZ
1138,002660.SZ
1139,300118.SZ
1140,605066.SH
1141,002692.SZ
1142,002576.SZ
1143,002953.SZ
1144,002927.SZ
1145,300018.SZ
1146,003008.SZ
1147,002922.SZ
1148,300069.SZ
1149,300068.SZ
1150,600847.SH
1151,002782.SZ
1152,600482.SH
1153,600416.SH
1154,002745.SZ
1155,300116.SZ
1156,600869.SH
1157,300080.SZ
1158,603988.SH
1159,300062.SZ
1160,600192.SH
1161,600732.SH
1162,002665.SZ
1163,600312.SH
1164,600290.SH
1165,600379.SH
1166,605222.SH
1167,002730.SZ
1168,002733.SZ
1169,300014.SZ
1170,600405.SH
1171,600406.SH
1172,605288.SH
1173,000922.SZ
1174,300004.SZ
1175,300035.SZ
1176,600152.SH
1177,600590.SH
1178,002684.SZ
1179,605277.SH
1180,002617.SZ
1181,603861.SH
1182,600202.SH
1183,300129.SZ
1184,600560.SH
1185,300048.SZ
1186,605196.SH
1187,002860.SZ
1188,600580.SH
1189,002851.SZ
1190,600577.SH
1191,605378.SH
1192,002801.SZ
1193,600550.SH
1194,300125.SZ
1195,600537.SH
1196,603819.SH
1197,002892.SZ
1198,600268.SH
1199,300040.SZ
1200,600517.SH
1201,300001.SZ
1202,002882.SZ
1203,603728.SH
1204,600525.SH
1205,002610.SZ
1206,603897.SH
1207,002706.SZ
1208,603829.SH
1209,002879.SZ
1210,002606.SZ
1211,600809.SH
1212,600702.SH
1213,603589.SH
1214,000860.SZ
1215,600197.SH
1216,000858.SZ
1217,002646.SZ
1218,600199.SH
1219,000568.SZ
1220,600559.SH
1221,000799.SZ
1222,002304.SZ
1223,000995.SZ
1224,603919.SH
1225,600519.SH
1226,600779.SH
1227,603369.SH
1228,603198.SH
1229,000596.SZ
1230,000564.SZ
1231,600774.SH
1232,600306.SH
1233,002187.SZ
1234,600785.SH
1235,600280.SH
1236,600723.SH
1237,600738.SH
1238,601366.SH
1239,600778.SH
1240,600729.SH
1241,600712.SH
1242,600838.SH
1243,601086.SH
1244,603031.SH
1245,000715.SZ
1246,600628.SH
1247,002277.SZ
1248,603214.SH
1249,603101.SH
1250,603123.SH
1251,600857.SH
1252,600858.SH
1253,600859.SH
1254,600861.SH
1255,002561.SZ
1256,600865.SH
1257,600828.SH
1258,000417.SZ
1259,600655.SH
1260,600682.SH
1261,000501.SZ
1262,600824.SH
1263,002419.SZ
1264,600693.SH
1265,600694.SH
1266,000785.SZ
1267,000679.SZ
1268,600814.SH
1269,600697.SH
1270,000419.SZ
1271,603798.SH
1272,600339.SH
1273,000637.SZ
1274,000819.SZ
1275,000059.SZ
1276,002778.SZ
1277,600028.SH
1278,300839.SZ
1279,600688.SH
1280,600256.SH
1281,002828.SZ
1282,601857.SH
1283,600759.SH
1284,601808.SH
1285,002207.SZ
1286,600583.SH
1287,300483.SZ
1288,600871.SH
1289,300164.SZ
1290,300191.SZ
1291,300157.SZ
1292,002554.SZ
1293,002629.SZ
1294,300084.SZ
1295,600968.SH
1296,603619.SH
1297,600777.SH
1298,603727.SH
1299,002221.SZ
1300,000096.SZ
1301,603353.SH
1302,000554.SZ
1303,600387.SH
1304,000159.SZ
1305,603003.SH
1306,600172.SH
1307,605086.SH
1308,688398.SH
1309,300554.SZ
1310,603688.SH
1311,000519.SZ
1312,300179.SZ
1313,688300.SH
1314,603663.SH
1315,300861.SZ
1316,300073.SZ
1317,000795.SZ
1318,600366.SH
1319,600516.SH
1320,603505.SH
1321,002297.SZ
1322,300606.SZ
1323,002088.SZ
1324,300890.SZ
1325,300700.SZ
1326,688598.SH
1327,300064.SZ
1328,603612.SH
1329,601952.SH
1330,300087.SZ
1331,300970.SZ
1332,000713.SZ
1333,300511.SZ
1334,300972.SZ
1335,000998.SZ
1336,600354.SH
1337,002041.SZ
1338,600371.SH
1339,600506.SH
1340,002772.SZ
1341,300189.SZ
1342,600540.SH
1343,600598.SH
1344,600313.SH
1345,000099.SZ
1346,601021.SH
1347,002928.SZ
1348,600029.SH
1349,600221.SH
1350,600115.SH
1351,601111.SH
1352,603885.SH
1353,600238.SH
1354,600616.SH
1355,600365.SH
1356,000869.SZ
1357,002568.SZ
1358,600543.SH
1359,603779.SH
1360,600084.SH
1361,600059.SH
1362,601579.SH
1363,603238.SH
1364,002083.SZ
1365,600448.SH
1366,600626.SH
1367,002404.SZ
1368,002293.SZ
1369,002397.SZ
1370,002516.SZ
1371,600630.SH
1372,600987.SH
1373,600493.SH
1374,600156.SH
1375,603055.SH
1376,000158.SZ
1377,600689.SH
1378,300658.SZ
1379,002394.SZ
1380,000982.SZ
1381,002327.SZ
1382,000726.SZ
1383,600220.SH
1384,605080.SH
1385,603908.SH
1386,002674.SZ
1387,000611.SZ
1388,603365.SH
1389,603558.SH
1390,003041.SZ
1391,600232.SH
1392,605055.SH
1393,300918.SZ
1394,000850.SZ
1395,002144.SZ
1396,603477.SH
1397,300952.SZ
1398,002193.SZ
1399,603889.SH
1400,605003.SH
1401,601339.SH
1402,603665.SH
1403,300577.SZ
1404,300877.SZ
1405,000955.SZ
1406,002087.SZ
1407,002042.SZ
1408,601599.SH
1409,300307.SZ
1410,600545.SH
1411,603933.SH
1412,600843.SH
1413,002021.SZ
1414,300384.SZ
1415,003036.SZ
1416,603095.SH
1417,002722.SZ
1418,603337.SH
1419,600302.SH
1420,002196.SZ
1421,600051.SH
1422,600620.SH
1423,000009.SZ
1424,000034.SZ
1425,600647.SH
1426,600083.SH
1427,600884.SH
1428,600139.SH
1429,600149.SH
1430,000909.SZ
1431,300662.SZ
1432,000576.SZ
1433,600770.SH
1434,600209.SH
1435,000701.SZ
1436,600784.SH
1437,000502.SZ
1438,000633.SZ
1439,600234.SH
1440,300962.SZ
1441,600281.SH
1442,000632.SZ
1443,000839.SZ
1444,000881.SZ
1445,300947.SZ
1446,000409.SZ
1447,300887.SZ
1448,600805.SH
1449,300688.SZ
1450,300938.SZ
1451,300795.SZ
1452,600212.SH
1453,002622.SZ
1454,000571.SZ
1455,600730.SH
1456,600421.SH
1457,002967.SZ
1458,300900.SZ
1459,300424.SZ
1460,600316.SH
1461,003009.SZ
1462,000738.SZ
1463,600893.SH
1464,300159.SZ
1465,002111.SZ
1466,002013.SZ
1467,300775.SZ
1468,300581.SZ
1469,600343.SH
1470,000697.SZ
1471,002985.SZ
1472,600765.SH
1473,002023.SZ
1474,300719.SZ
1475,600038.SH
1476,300696.SZ
1477,688685.SH
1478,600118.SH
1479,600372.SH
1480,002933.SZ
1481,688586.SH
1482,688510.SH
1483,688070.SH
1484,600879.SH
1485,000768.SZ
1486,600862.SH
1487,600760.SH
1488,600391.SH
1489,600150.SH
1490,300589.SZ
1491,600072.SH
1492,300008.SZ
1493,600685.SH
1494,601890.SH
1495,601989.SH
1496,002482.SZ
1497,605178.SH
1498,002163.SZ
1499,300621.SZ
1500,002375.SZ
1501,603929.SH
1502,002989.SZ
1503,603038.SH
1504,002781.SZ
1505,002789.SZ
1506,002856.SZ
1507,601886.SH
1508,002830.SZ
1509,002081.SZ
1510,605318.SH
1511,002713.SZ
1512,600193.SH
1513,002811.SZ
1514,002047.SZ
1515,002963.SZ
1516,300117.SZ
1517,002504.SZ
1518,002325.SZ
1519,603098.SH
1520,002822.SZ
1521,002620.SZ
1522,603828.SH
1523,300668.SZ
1524,603030.SH
1525,000750.SZ
1526,000776.SZ
1527,000686.SZ
1528,000728.SZ
1529,000166.SZ
1530,000712.SZ
1531,000783.SZ
1532,600909.SH
1533,600155.SH
1534,600999.SH
1535,601901.SH
1536,601066.SH
1537,601099.SH
1538,002500.SZ
1539,601108.SH
1540,601162.SH
1541,601198.SH
1542,601211.SH
1543,600109.SH
1544,600095.SH
1545,300059.SZ
1546,601236.SH
1547,601377.SH
1548,601456.SH
1549,600061.SH
1550,601555.SH
1551,601995.SH
1552,601990.SH
1553,601688.SH
1554,601696.SH
1555,600030.SH
1556,601788.SH
1557,601878.SH
1558,601375.SH
1559,600958.SH
1560,601881.SH
1561,600918.SH
1562,002673.SZ
1563,002670.SZ
1564,002797.SZ
1565,600621.SH
1566,002945.SZ
1567,600369.SH
1568,600837.SH
1569,002939.SZ
1570,002736.SZ
1571,002926.SZ
1572,600906.SH
1573,600864.SH
1574,002697.SZ
1575,002264.SZ
1576,605188.SH
1577,002336.SZ
1578,601933.SH
1579,603708.SH
1580,000759.SZ
1581,601116.SH
1582,600827.SH
1583,002251.SZ
1584,600361.SH
1585,601010.SH
1586,600020.SH
1587,000900.SZ
1588,600012.SH
1589,600033.SH
1590,600035.SH
1591,600377.SH
1592,601518.SH
1593,000886.SZ
1594,001965.SZ
1595,000828.SZ
1596,600106.SH
1597,600368.SH
1598,601188.SH
1599,000429.SZ
1600,600350.SH
1601,600269.SH
1602,000548.SZ
1603,601107.SH
1604,600548.SH
1605,300559.SZ
1606,002331.SZ
1607,300348.SZ
1608,300465.SZ
1609,300454.SZ
1610,600850.SH
1611,600845.SH
1612,300451.SZ
1613,300275.SZ
1614,300349.SZ
1615,003029.SZ
1616,000851.SZ
1617,000004.SZ
1618,688777.SH
1619,300300.SZ
1620,000555.SZ
1621,002609.SZ
1622,002279.SZ
1623,003007.SZ
1624,600797.SH
1625,002280.SZ
1626,300448.SZ
1627,003005.SZ
1628,300925.SZ
1629,603990.SH
1630,002642.SZ
1631,002322.SZ
1632,300730.SZ
1633,300468.SZ
1634,003004.SZ
1635,300469.SZ
1636,300845.SZ
1637,300851.SZ
1638,300047.SZ
1639,002073.SZ
1640,603636.SH
1641,300212.SZ
1642,002065.SZ
1643,002063.SZ
1644,603039.SH
1645,300496.SZ
1646,300271.SZ
1647,300678.SZ
1648,300036.SZ
1649,300033.SZ
1650,002544.SZ
1651,300020.SZ
1652,688561.SH
1653,300682.SZ
1654,300687.SZ
1655,002268.SZ
1656,600288.SH
1657,600289.SH
1658,300010.SZ
1659,300588.SZ
1660,688555.SH
1661,300344.SZ
1662,300846.SZ
1663,300479.SZ
1664,300002.SZ
1665,300352.SZ
1666,002649.SZ
1667,002316.SZ
1668,600602.SH
1669,300579.SZ
1670,300773.SZ
1671,300810.SZ
1672,603927.SH
1673,600476.SH
1674,688369.SH
1675,300378.SZ
1676,688365.SH
1677,603859.SH
1678,300288.SZ
1679,603918.SH
1680,300807.SZ
1681,600588.SH
1682,002912.SZ
1683,603869.SH
1684,300789.SZ
1685,300386.SZ
1686,600571.SH
1687,300379.SZ
1688,600570.SH
1689,300380.SZ
1690,600536.SH
1691,000948.SZ
1692,300803.SZ
1693,300799.SZ
1694,603887.SH
1695,300377.SZ
1696,300369.SZ
1697,300768.SZ
1698,600446.SH
1699,600756.SH
1700,688168.SH
1701,002657.SZ
1702,300830.SZ
1703,600751.SH
1704,002990.SZ
1705,300440.SZ
1706,688316.SH
1707,688318.SH
1708,002987.SZ
1709,300277.SZ
1710,600728.SH
1711,600718.SH
1712,688568.SH
1713,300297.SZ
1714,000997.SZ
1715,603189.SH
1716,300419.SZ
1717,300292.SZ
1718,300365.SZ
1719,600654.SH
1720,002771.SZ
1721,688188.SH
1722,002777.SZ
1723,300366.SZ
1724,300287.SZ
1725,603138.SH
1726,002298.SZ
1727,600410.SH
1728,002530.SZ
1729,300044.SZ
1730,603232.SH
1731,002453.SZ
1732,300634.SZ
1733,000711.SZ
1734,300533.SZ
1735,688039.SH
1736,300231.SZ
1737,688619.SH
1738,002230.SZ
1739,601519.SH
1740,300235.SZ
1741,002153.SZ
1742,002232.SZ
1743,688030.SH
1744,300188.SZ
1745,002474.SZ
1746,300532.SZ
1747,300182.SZ
1748,688023.SH
1749,688109.SH
1750,300324.SZ
1751,300598.SZ
1752,300872.SZ
1753,300531.SZ
1754,300050.SZ
1755,300168.SZ
1756,300525.SZ
1757,300166.SZ
1758,300541.SZ
1759,603383.SH
1760,688051.SH
1761,300209.SZ
1762,002410.SZ
1763,300556.SZ
1764,688088.SH
1765,688083.SH
1766,688095.SH
1767,688081.SH
1768,002212.SZ
1769,688078.SH
1770,300552.SZ
1771,300550.SZ
1772,300311.SZ
1773,002417.SZ
1774,002195.SZ
1775,603508.SH
1776,300624.SZ
1777,002405.SZ
1778,002421.SZ
1779,300229.SZ
1780,688066.SH
1781,300608.SZ
1782,002401.SZ
1783,000682.SZ
1784,688060.SH
1785,002439.SZ
1786,300605.SZ
1787,002184.SZ
1788,300542.SZ
1789,688058.SH
1790,300561.SZ
1791,688111.SH
1792,300170.SZ
1793,300523.SZ
1794,688258.SH
1795,000638.SZ
1796,688588.SH
1797,002368.SZ
1798,000938.SZ
1799,688682.SH
1800,300250.SZ
1801,300659.SZ
1802,300592.SZ
1803,300508.SZ
1804,300663.SZ
1805,002362.SZ
1806,002090.SZ
1807,688579.SH
1808,300253.SZ
1809,300096.SZ
1810,300941.SZ
1811,300333.SZ
1812,300935.SZ
1813,300085.SZ
1814,300078.SZ
1815,300674.SZ
1816,300339.SZ
1817,300075.SZ
1818,300065.SZ
1819,600242.SH
1820,002253.SZ
1821,300513.SZ
1822,300330.SZ
1823,300290.SZ
1824,688590.SH
1825,002373.SZ
1826,688004.SH
1827,300518.SZ
1828,300150.SZ
1829,688118.SH
1830,300249.SZ
1831,300895.SZ
1832,603528.SH
1833,605398.SH
1834,688229.SH
1835,300302.SZ
1836,300245.SZ
1837,300520.SZ
1838,300248.SZ
1839,300645.SZ
1840,600189.SH
1841,600962.SH
1842,605198.SH
1843,603711.SH
1844,600300.SH
1845,000848.SZ
1846,603156.SH
1847,605388.SH
1848,000039.SZ
1849,002209.SZ
1850,000821.SZ
1851,002282.SZ
1852,300195.SZ
1853,300442.SZ
1854,002611.SZ
1855,002444.SZ
1856,300126.SZ
1857,300173.SZ
1858,688033.SH
1859,605286.SH
1860,300011.SZ
1861,600495.SH
1862,688015.SH
1863,605298.SH
1864,600528.SH
1865,688009.SH
1866,300931.SZ
1867,300923.SZ
1868,002972.SZ
1869,605001.SH
1870,002774.SZ
1871,603500.SH
1872,603321.SH
1873,688569.SH
1874,000976.SZ
1875,002367.SZ
1876,603111.SH
1877,600835.SH
1878,603611.SH
1879,300455.SZ
1880,600967.SH
1881,300594.SZ
1882,000008.SZ
1883,601766.SH
1884,002689.SZ
1885,600894.SH
1886,603680.SH
1887,300101.SZ
1888,300308.SZ
1889,300563.SZ
1890,002396.SZ
1891,002869.SZ
1892,300565.SZ
1893,300504.SZ
1894,300868.SZ
1895,002089.SZ
1896,688100.SH
1897,300098.SZ
1898,603602.SH
1899,600198.SH
1900,300578.SZ
1901,300502.SZ
1902,603660.SH
1903,300628.SZ
1904,300025.SZ
1905,002052.SZ
1906,002383.SZ
1907,300597.SZ
1908,300079.SZ
1909,600260.SH
1910,000801.SZ
1911,002519.SZ
1912,300310.SZ
1913,600990.SH
1914,002231.SZ
1915,300074.SZ
1916,300603.SZ
1917,300213.SZ
1918,600131.SH
1919,300134.SZ
1920,300177.SZ
1921,000063.SZ
1922,002137.SZ
1923,300322.SZ
1924,688027.SH
1925,300183.SZ
1926,002194.SZ
1927,002151.SZ
1928,603421.SH
1929,688036.SH
1930,688618.SH
1931,002465.SZ
1932,002161.SZ
1933,002446.SZ
1934,300312.SZ
1935,000586.SZ
1936,300627.SZ
1937,002413.SZ
1938,300555.SZ
1939,688609.SH
1940,300638.SZ
1941,300136.SZ
1942,000836.SZ
1943,600130.SH
1944,603559.SH
1945,300514.SZ
1946,300560.SZ
1947,688201.SH
1948,000070.SZ
1949,601138.SH
1950,000687.SZ
1951,002491.SZ
1952,300884.SZ
1953,600105.SH
1954,603322.SH
1955,601869.SH
1956,603516.SH
1957,688080.SH
1958,300167.SZ
1959,688002.SH
1960,300493.SZ
1961,300211.SZ
1962,600745.SH
1963,002017.SZ
1964,603083.SH
1965,300959.SZ
1966,002829.SZ
1967,300414.SZ
1968,600776.SH
1969,600775.SH
1970,603220.SH
1971,300762.SZ
1972,600764.SH
1973,688313.SH
1974,300735.SZ
1975,002970.SZ
1976,300353.SZ
1977,300736.SZ
1978,002792.SZ
1979,300264.SZ
1980,688159.SH
1981,300270.SZ
1982,300590.SZ
1983,002977.SZ
1984,688418.SH
1985,603236.SH
1986,000889.SZ
1987,603042.SH
1988,603803.SH
1989,002796.SZ
1990,300397.SZ
1991,002929.SZ
1992,002313.SZ
1993,002547.SZ
1994,600562.SH
1995,002369.SZ
1996,300698.SZ
1997,000561.SZ
1998,600898.SH
1999,002861.SZ
2000,300710.SZ
2001,002296.SZ
2002,300711.SZ
2003,002881.SZ
2004,002281.SZ
2005,002848.SZ
2006,600522.SH
2007,300252.SZ
2008,603712.SH
2009,002583.SZ
2010,300394.SZ
2011,600345.SH
2012,600487.SH
2013,600498.SH
2014,000547.SZ
2015,688788.SH
2016,300787.SZ
2017,603118.SH
2018,603703.SH
2019,603863.SH
2020,600567.SH
2021,600103.SH
2022,600433.SH
2023,300883.SZ
2024,002303.SZ
2025,603165.SH
2026,001206.SZ
2027,000833.SZ
2028,600308.SH
2029,002067.SZ
2030,600963.SH
2031,002565.SZ
2032,600966.SH
2033,000815.SZ
2034,002247.SZ
2035,002521.SZ
2036,605009.SH
2037,002078.SZ
2038,605007.SH
2039,605500.SH
2040,600235.SH
2041,605377.SH
2042,600356.SH
2043,603607.SH
2044,000488.SZ
2045,600793.SH
2046,003006.SZ
2047,603733.SH
2048,002511.SZ
2049,002012.SZ
2050,601007.SH
2051,002186.SZ
2052,600754.SH
2053,605108.SH
2054,002306.SZ
2055,000524.SZ
2056,000007.SZ
2057,000428.SZ
2058,000721.SZ
2059,600258.SH
2060,603028.SH
2061,603278.SH
2062,300881.SZ
2063,600558.SH
2064,002443.SZ
2065,300855.SZ
2066,600992.SH
2067,605158.SH
2068,601686.SH
2069,605123.SH
2070,300345.SZ
2071,603577.SH
2072,000890.SZ
2073,600608.SH
2074,600477.SH
2075,000969.SZ
2076,002843.SZ
2077,600496.SH
2078,603878.SH
2079,002743.SZ
2080,000778.SZ
2081,002541.SZ
2082,603507.SH
2083,002487.SZ
2084,002478.SZ
2085,002132.SZ
2086,601333.SH
2087,601006.SH
2088,000557.SZ
2089,600125.SH
2090,601816.SH
2091,600338.SH
2092,000426.SZ
2093,600331.SH
2094,000758.SZ
2095,000060.SZ
2096,000688.SZ
2097,000751.SZ
2098,600497.SH
2099,600531.SH
2100,002114.SZ
2101,601020.SH
2102,000603.SZ
2103,600961.SH
2104,688388.SH
2105,601168.SH
2106,601609.SH
2107,002171.SZ
2108,600490.SH
2109,600362.SH
2110,688456.SH
2111,002295.SZ
2112,000630.SZ
2113,000878.SZ
2114,300697.SZ
2115,002203.SZ
2116,601212.SH
2117,600255.SH
2118,603527.SH
2119,601137.SH
2120,300828.SZ
2121,300489.SZ
2122,300328.SZ
2123,300428.SZ
2124,300337.SZ
2125,603978.SH
2126,600768.SH
2127,601388.SH
2128,603876.SH
2129,000807.SZ
2130,003038.SZ
2131,002501.SZ
2132,002532.SZ
2133,002160.SZ
2134,002540.SZ
2135,002988.SZ
2136,600888.SH
2137,002578.SZ
2138,002824.SZ
2139,603937.SH
2140,600595.SH
2141,002996.SZ
2142,601600.SH
2143,600219.SH
2144,601677.SH
2145,002333.SZ
2146,000612.SZ
2147,002379.SZ
2148,300986.SZ
2149,000933.SZ
2150,601702.SH
2151,601328.SH
2152,601577.SH
2153,002839.SZ
2154,601398.SH
2155,002807.SZ
2156,601998.SH
2157,601997.SH
2158,600908.SH
2159,600919.SH
2160,600926.SH
2161,002142.SZ
2162,600928.SH
2163,601988.SH
2164,601963.SH
2165,601939.SH
2166,601009.SH
2167,601658.SH
2168,601916.SH
2169,603323.SH
2170,601128.SH
2171,601166.SH
2172,601169.SH
2173,601187.SH
2174,601229.SH
2175,601860.SH
2176,601838.SH
2177,601288.SH
2178,601818.SH
2179,601077.SH
2180,000001.SZ
2181,002958.SZ
2182,002966.SZ
2183,600036.SH
2184,600000.SH
2185,002936.SZ
2186,002948.SZ
2187,600016.SH
2188,600015.SH
2189,300409.SZ
2190,603838.SH
2191,300234.SZ
2192,603268.SH
2193,300285.SZ
2194,003012.SZ
2195,600145.SH
2196,002507.SZ
2197,300999.SZ
2198,605016.SH
2199,002515.SZ
2200,003030.SZ
2201,603288.SH
2202,003000.SZ
2203,002053.SZ
2204,600929.SH
2205,002991.SZ
2206,300829.SZ
2207,300973.SZ
2208,688089.SH
2209,300915.SZ
2210,002495.SZ
2211,600073.SH
2212,300175.SZ
2213,300138.SZ
2214,605339.SH
2215,605338.SH
2216,600186.SH
2217,605300.SH
2218,300858.SZ
2219,600191.SH
2220,002481.SZ
2221,603317.SH
2222,603517.SH
2223,605089.SH
2224,603536.SH
2225,000639.SZ
2226,600305.SH
2227,605077.SH
2228,002216.SZ
2229,600298.SH
2230,603027.SH
2231,000895.SZ
2232,000505.SZ
2233,002726.SZ
2234,603079.SH
2235,002956.SZ
2236,300765.SZ
2237,002820.SZ
2238,002330.SZ
2239,300401.SZ
2240,603020.SH
2241,002840.SZ
2242,000529.SZ
2243,300783.SZ
2244,002847.SZ
2245,603866.SH
2246,002852.SZ
2247,000911.SZ
2248,603886.SH
2249,002286.SZ
2250,000972.SZ
2251,002695.SZ
2252,002702.SZ
2253,300741.SZ
2254,603345.SH
2255,002557.SZ
2256,600873.SH
2257,600872.SH
2258,600866.SH
2259,603043.SH
2260,603696.SH
2261,600737.SH
2262,603697.SH
2263,002597.SZ
2264,603719.SH
2265,002626.SZ
2266,300908.SZ
2267,603755.SH
2268,002650.SZ
2269,002661.SZ
2270,603777.SH
2271,002582.SZ
2272,000716.SZ
2273,002311.SZ
2274,002385.SZ
2275,000702.SZ
2276,603609.SH
2277,000048.SZ
2278,600438.SH
2279,002567.SZ
2280,002548.SZ
2281,603668.SH
2282,603363.SH
2283,002891.SZ
2284,300673.SZ
2285,000876.SZ
2286,002100.SZ
2287,002124.SZ
2288,600195.SH
2289,002157.SZ
2290,600547.SH
2291,000975.SZ
2292,601899.SH
2293,000506.SZ
2294,600766.SH
2295,002155.SZ
2296,600916.SH
2297,600385.SH
2298,002237.SZ
2299,600988.SH
2300,600311.SH
2301,601069.SH
2302,600489.SH
